Model,Precision,Recall,F1,AUC
Logistic Regression,0.6296296296296297,0.5454545454545454,0.5845272206303725,0.8414942261489575
Random Forest,0.6484641638225256,0.5080213903743316,0.5697151424287856,0.8379937482239272
XGBoost,0.6725352112676056,0.5106951871657754,0.5805471124620061,0.8460280554909709
